articulo,fraccion,parrafo,inciso,infraccion,monto,corralon,puntos
11,II,-----,-----,"POR NO RESPETAR EL DERECHO DE PREFERENCIA, SOBRE EL TRANSITO VEHÍCULAR, DE LOS CICLISTAS  CUANDO SE DE VUELTA A LA DERECHA PARA ENTRAR A OTRA VÍA Y HAYA CICLISTAS CRUZANDO.",10,1,1
11,III,-----,-----,POR CIRCULAR EN UNA CICLOVIA Y EN ESTA SE ENCUENTREN CICLISTAS CIRCULANDO POR ELLA,10,1,1
11,V,-----,-----,EN CASO DE NO HABER SEMAFORO CRUCEN LA VIA,10,1,1
11,IV,-----,-----,"POR NO RESPETAR EL DERECHO DE PREFERENCIA, SOBRE EL TRANSITO VEHÍCULAR,  DE LOS CICLISTAS QUE TRANSITEN POR VÍA EXCLUSIVA DE CIRCULACIÓN CICLISTA Y ALGÚN CONDUCTOR PRETENDA CRUZARLA PARA ENTRAR O SALIR DE ALGÚN PREDIO ",10,1,1
11,I,-----,-----,POR NO RESPETAR EL DERECHO DE PREFERENCIA DE LOS CICLISTAS  CUANDO DE ACUERDO CON EL CICLO DEL SEMÁFORO NO ALCANCEN A CRUZAR LA VÍA.,10,1,1
12,VI,-----,-----,POR ESTACIONARSE EN LOS CARRILES EXCLUSIVOS PARA TRANSPORTE COLECTIVO DE PASAJEROS,10,1,1
12,VII,-----,-----,"POR ESTACIONARSE EN ZONAS AUTORIZADAS PARA CARGA Y DESCARGA, CUANDO ESTE NO SEA SU FIN.",10,1,1
12,V,-----,-----,"POR ESTACIONARSE EN LUGARES DESTINADOS AL ESTACIONAMIENTO MOMENTÁNEO DE VEHÍCULOS DE TRASLADO DE VALORES, IDENTIFICADOS CON LA SEÑALIZACIÓN RESPECTIVA",10,1,1
12,IV,-----,-----,POR ESTACIONARSE EN LUGARES DONDE SE OBSTRUYA LA VISIBILIDAD DE SEÑALES DE TRÁNSITO,10,1,1
12,III,-----,-----,POR ESTACIONARSE EN LAS VÍAS PÚBLICAS EN DOBLE O MÁS FILAS Y EN BATERÍA SALVO QUE EL SEÑALAMIENTO LO PERMITA.,10,1,1
12,II,-----,-----,POR ESTACIONARSE EN ZONAS O VÍAS PÚBLICAS  DONDE EXISTA SEÑALIZACIÓN VÍAL RESTRICTIVA,10,1,1
12,I,-----,-----,POR ESTACIONARSE EN  LAS VÍAS PRIMARIAS,10,1,1
12,VIII,-----,-----,"POR ESTACIONARSE EN ACCESOS Y SALIDAS, ÁREAS DE CIRCULACIÓN Y ZONAS DE ASCENSO Y DESCENSO DE PASAJE EN LAS TERMINALES DEL TRANSPORTE COLECTIVO METRO",10,1,1
12,IX,-----,-----,"POR ESTACIONARSE SOBRE LAS BANQUETAS, RAMPAS, CAMELLONES, ANDADORES, RETORNOS, ISLETAS U OTRAS VÍAS Y ESPACIOS RESERVADOS A PEATONES, Y CICLISTAS; PARA ELLO ES SUFICIENTE CON QUE CUALQUIER PARTE DEL VEHÍCULO SE ENCUENTRE SOBRE ESTOS ESPACIOS",10,1,1
12,X,-----,A,POR ESTACIONARSE FRENTE A ESTABLECIMIENTOS BANCARIOS,10,1,1
12,X,-----,B,POR ESTACIONARSE EN DONDE SE ENCUENTRAN LOS HIDRANTES PARA USO DE LOS BOMBEROS,10,1,1
12,X,-----,C,POR ESTACIONARSE EN ENTRADAS Y SALIDAS DE AMBULANCIAS Y VEHÍCULOS DE EMERGENCIA,10,1,1
12,X,-----,D,POR ESTACIONARSE EN RAMPAS ESPECIALES PARA PERSONAS CON DISCAPACIDAD.,10,1,1
12,X,-----,E,"POR ESTACIONARSE EN RAMPAS DE ENTRADA DE VEHÍCULOS,  SALVO QUE  SE TRATE DE LAS DEL DOMICILIO DEL PROPIO CONDUCTOR, SIEMPRE Y CUANDO NO SE OBSTRUYA EL PASO PEATONAL O EL TRÁNSITO DE PERSONAS CON DISCAPACIDAD.",10,1,1
12,XI,-----,-----,"POR ESTACIONARSE FUERA DE UN CAJÓN DE ESTACIONAMIENTO, O INVADIENDO U OBSTRUYENDO OTRO",10,1,1
12,XII,-----,-----,POR ESTACIONARSE SOBRE O DEBAJO DE CUALQUIER PUENTE O ESTRUCTURA ELEVADA DE UNA VÍA PÚBLICA O EN EL INTERIOR DE UN TÚNEL,10,1,1
12,XIII,-----,A,POR ESTACIONARSE EN UN TRAMO MENOR A 5 METROS DE LA ENTRADA DE UNA ESTACIÓN DE BOMBEROS Y DE VEHÍCULOS DE EMERGENCIA; Y EN UN ESPACIO DE 25 METROS A CADA LADO DEL EJE DE ENTRADA EN LA ACERA OPUESTA A ELLA,10,1,1
12,XIII,-----,B,POR ESTACIONARSE EN UN TRAMO MENOR A 10 METROS DE CUALQUIER CRUCE FERROVIARIO,10,1,1
12,XIV,-----,-----,"POR ESTACIONARSE EN LUGARES O CAJONES DESINADOS AL ESTACIONAMIENTO DE VEHÍCULOS QUE TRANSPORTEN O SEAN CONDUCIDOS POR PERSONAS CON DISCAPACIDAD, IDENTIFICADOS CON LA SEÑALIZACIÓN RESPECTIVA.",10,1,3
12,XV,-----,-----,POR ESTACIONARSE EN LOS DEMÁS LUGARES QUE LA SECRETARÍA Y SEGURIDAD PÚBLICA DETERMINEN,10,1,1
13,-----,-----,-----,POR ESTACIONARSE EN LUGARES PROHIBIDOS EN LOS QUE EXISTA SEÑALAMIENTO DE INMOVILIZADOR O DONDE SE ENCUENTREN INSTALADOS PARQUÍMETROS O CUALQUIER OTRO SISTEMA DE MEDICIÓN DEL TIEMPO DE ESTACIONAMIENTO EN LA VÍA PÚBLICA Y QUE NO HAYAN CUBIERTO LA CUOTA DE E,5,1,1
14,III,-----,-----,"POR ARROJAR, DEPOSITAR O ABANDONAR OBJETOS O RESIDUOS QUE PUEDAN ENTORPECER LA LIBRE CIRCULACIÓN O ESTACIONAMIENTO DE VEHÍCULOS",10,1,1
14,II,-----,-----,POR COLOCAR EN LA VÍA PÚBLICA SEÑALAMIENTOS O CUALQUIER OTRO OBJETO QUE OBSTACULICEN O AFECTEN LA VIALIDAD.,10,1,1
14,I,-----,-----,"POR EFECTUAR EN LA VÍA PÚBLICA REPARACIONES A VEHÍCULOS, SALVO EN CASOS DE EMERGENCIA.",5,1,1
14,IV,-----,-----,POR ABANDONAR VEHÍCULOS,10,1,1
14,VII,-----,-----,"POR CERRAR U OBSTRUIR LA CIRCULACIÓN EN LA VÍA PÚBLICA CON VEHÍCULOS, PLUMAS, REJAS O CUALQUIER OTRO OBJETO.",10,1,1
14,VI,-----,-----,POR ORGANIZAR O PARTICIPAR EN COMPETENCIAS VEHICULARES DE ALTA VELOCIDAD O ARRANCONES EN LA VÍA PÚBLICA.,0,1,6
14,V,-----,-----,POR COLOCAR SEÑALAMIENTOS O CUALQUIER OTRO OBJETO PARA RESERVA DE ESPACIOS DE ESTACIONAMIENTO EN LA VÍA PÚBLICA SIN LA AUTORIZACIÓN CORRESPONDIENTE,10,1,1
15,-----,-----,-----,"CUANDO POR CASO FORTUITO O DE FUERZA MAYOR  EL CONDUCTOR DETENGA SU VEHÍCULO EN LAS VÍAS PRIMARIAS PROCURARÁ NO ENTORPECER LA CIRCULACIÓN Y DEJARÁ UNA DISTANCIA QUE PERMITA LA VISIBILIDAD EN AMBOS SENTIDOS Y, DE INMEDIATO, COLOCARÁ LOS DISPOSITIVOS DE ADV",5,1,1
16,I,-----,-----,LOS CONDUCTORES DEBEN CERCIORARSE DE QUE SU VEHÍCULO ESTÉ PROVISTO DE COMBUSTIBLE SUFICIENTE PARA SU BUEN FUNCIONAMIENTO,5,1,1
16,XI,-----,-----,LOS CONDUCTORES DEBEN CERCIORARSE DE QUE SU VEHÍCULO ESTÉ PROVISTO DE DISPOSITIVO DE GEOLOCALIZACIÓN O DE GEOREFERENCIACIÓN SATELITAL RADIOELÉCTRICO O DE TECNOLOGÍA SIMILAR,5,1,1
16,X,-----,-----,LOS CONDUCTORES DEBEN CERCIORARSE DE QUE SU VEHÍCULO ESTÉ PROVISTO DE PARABRISAS EN ÓPTIMAS CONDICIONES QUE PERMITA LA VISIBILIDAD AL INTERIOR Y EXTERIOR DEL VEHÍCULO,5,1,1
16,IX,-----,-----,LOS CONDUCTORES DEBEN CERCIORARSE DE QUE SU VEHÍCULO ESTÉ PROVISTO DE CINTURONES DE SEGURIDAD,5,1,1
16,VIII,-----,-----,LOS CONDUCTORES DEBEN CERCIORARSE DE QUE SU VEHÍCULO ESTÉ PROVISTO DE AMBAS DEFENSAS,5,1,1
16,VII,-----,-----,"LOS CONDUCTORES DEBEN CERCIORARSE DE QUE SU VEHÍCULO ESTÉ PROVISTO DE AL MENOS DOS ESPEJOS RETROVISORES, INTERIOR Y LATERAL DEL CONDUCTOR",5,1,1
16,VI,-----,-----,LOS CONDUCTORES DEBEN CERCIORARSE DE QUE SU VEHÍCULO ESTÉ PROVISTO DE LLANTA DE REFACCIÓN Y LA HERRAMIENTA ADECUADA PARA EL CAMBIO O REPARACION DE LA MISMA.,5,1,1
16,V,-----,-----,LOS CONDUCTORES DEBEN CERCIORARSE DE QUE SU VEHÍCULO ESTÉ PROVISTO DE LLANTAS EN CONDICIONES QUE GARANTICEN LA SEGURIDAD,5,1,1
16,IV,-----,-----,"LOS CONDUCTORES DEBEN CERCIORARSE DE QUE SU VEHÍCULO ESTÉ PROVISTO DE CUARTOS DELANTEROS, DE LUZ AMARILLA O BLANCA  Y CUARTOS TRASEROS, DE LUZ ROJA",5,1,1
16,II,-----,-----,"LOS CONDUCTORES DEBEN CERCIORARSE DE QUE SU VEHÍCULO ESTÉ PROVISTO DE FAROS DELANTEROS, QUE CUMPLAN CON LAS NORMAS OFICIALES MEXICANAS, DOTADOS DE UN MECANISMO PARA CAMBIO DE INTENSIDAD.",5,1,1
16,III,-----,A,LOS CONDUCTORES DEBEN CERCIORARSE DE QUE SU VEHÍCULO ESTÉ PROVISTO DE LUCES DE DESTELLO INTERMITENTE DE PARADA DE EMERGENCIA,5,1,1
16,III,-----,B,"LOS CONDUCTORES DEBEN CERCIORARSE DE QUE SU VEHÍCULO ESTÉ PROVISTO DE LUCES ESPECIALES, SEGÚN EL TIPO DE DIMENSIONES Y SERVICIO DEL VEHÍCULO",5,1,1
16,III,-----,C,LOS CONDUCTORES DEBEN CERCIORARSE DE QUE SU VEHÍCULO ESTÉ PROVISTO DE LUCES QUE INDIQUEN MARCHA ATRÁS,5,1,1
16,III,-----,D,LOS CONDUCTORES DEBEN CERCIORARSE DE QUE SU VEHÍCULO ESTÉ PROVISTO DE LUCES INDICADORAS DE FRENOS EN LA PARTE TRASERA,5,1,1
16,III,-----,E,"LOS CONDUCTORES DEBEN CERCIORARSE DE QUE SU VEHÍCULO ESTÉ PROVISTO DE LUCES DIRECCIONALES DE DESTELLO INTERMITENTE, DELANTERAS Y TRASERAS",5,1,1
16,III,-----,F,LOS CONDUCTORES DEBEN CERCIORARSE DE QUE SU VEHÍCULO ESTÉ PROVISTO DE LUCES QUE ILUMINEN LA PLACA POSTERIOR,5,1,1
17,I,-----,-----,POR CIRCULAR SIN PLACAS DE MATRICULA O PERMISO PROVISIONAL VIGENTE,20,1,1
17,II,-----,-----,POR NO CIRCULAR CON LA CALCOMANÍA DE CIRCULACIÓN PERMANENTE,20,1,1
17,III,-----,-----,POR NO TENER LA CALCOMANÍA DE VERIFICACIÓN VEHICULAR VIGENTE.,20,1,1
17,IV,-----,-----,"POR NO CONTAR CON LA AUTORIZACIÓN, CALCOMANÍA O DISTINTIVO ESPEDIDO POR LA AUTORIDAD COMPETENTE, EN EL CASO DE VEHÍCULOS QUE TRANSPORTEN O SEAN CONDUCIDOS POR PERSONAS CON DISCAPACIDAD.",20,1,1
17,I,-----,D,"POR NO TENER LAS PLACAS, PERMISO PROVISIONAL O COPIA CERTIFICADA DE LA DENUNCIA DE PERDIDA DE LAS PLACAS   LAS DIMENSIONES Y CARACTERÍSTICAS QUE ESPECIFIQUE LA NORMA OFICIAL MEXICANA RESPECTIVA.",20,1,1
17,I,-----,C,"POR NO COINCIDIR LAS PLACAS, PERMISO PROVISIONAL O COPIA CERTIFICADA DE LA DENUNCIA DE PERDIDA DE LAS PLACAS  CON LA CALCOMANÍA PERMANENTE DE CIRCULACIÓN CON LA TARJETA DE CIRCULACIÓN ASÍ COMO CON LOS REGISTROS DEL CONTROL VEHICULAR.",20,1,1
17,I,-----,B,"POR OBSTRUIR LA VISIBILIDAD DE LAS PLACAS , PERMISO PROVISIONAL O COPIA CERTIFICADA DE LA DENUNCIA DE PERDIDA DE LAS PLACAS  MEDIANTE CUALQUIER OBJETO O SUSTANCIA.",20,1,1
17,I,-----,A,"POR NO PORTAR LAS PLACAS , PERMISO PROVISIONAL O COPIA CERTIFICADA DE LA DENUNCIA DE PERDIDA DE LAS PLACAS  EN EL LUGAR DESTINADO POR EL FABRICANTE DEL VEHÍCULO",20,1,1
18,-----,-----,-----,"LOS VEHÍCULOS PARTICULARES QUE TENGAN ADAPTADOS DISPOSITIVOS DE ACOPLAMIENTO PARA TRACCIÓN DE REMOLQUES Y SEMIRREMOLQUES, CONTARÁN CON UN MECANISMO GIRATORIO O RETRÁCTIL QUE NO REBASE LA DEFENSA DEL MISMO; LOS VEHÍCULOS QUE NO CUMPLAN CON ESTE REQUISITO D",5,1,1
19,VI,-----,-----,"POR INSTALAR O UTILIZAR EN VEHÍCULOS PARTICULARES TELEVISOR O PANTALLA DE PROYECCIÓN DE  IMÁGENES DE ENTRETENIMIENTO EN LA PARTE  DELANTERA DEL HABITACULO DEL VEHÍCULO. TRATANDOSE DE DISPOSITIVOS DE APOYO A LA CONDUCCIÓN COMO MAPAS Y NAVEGADORES GPS, CUAL",10,1,1
19,VII,-----,-----,"POR INSTALAR O UTILIZAR EN VEHÍCULOS PARTICULARES PELICULAS DE SEGURIDAD, CONTROL SOLAR(POLARIZADO) U OSCURECIMIENTO DE VIDRIOS EN UN PORCENTAJE DEL 5% O 20% EN PARABRISAD O VIDRIOS DE PUERTAS DELANTERAS, SALVO QUE VENGAN INSTALADOS DE FABRICA, DE ACUERDO",10,1,1
19,I,-----,-----,"POR INSTALAR O UTILIZAR EN VEHÍCULOS PARTICULARES CROMÁTICAS IGUALES O SIMILARES A LAS DEL TRANSPORTE PÚBLICO DE PASAJEROS MATRICULADOS EN EL DISTRITO FEDERAL, VEHÍCULOS DE EMERGENCIA O PATRULLAS",10,1,1
19,II,-----,-----,POR INSTALAR O UTILIZAR EN VEHÍCULOS PARTICULARES DISPOSITIVOS SIMILARES A LOS UTILIZADOS POR VEHÍCULOS POLICIALES O DE EMERGENCIA,10,1,1
19,III,-----,-----,POR INSTALAR O UTILIZAR EN VEHÍCULOS PARTICULARES FAROS DESLUMBRANTES QUE NO CUMPLAN CON LAS NORMAS OFICIALES MEXICANAS Y QUE PONGAN EN RIESGO LA SEGURIDAD DE CONDUCTORES O PEATONES.,10,1,1
19,IV,-----,-----,POR INSTALAR O UTILIZAR EN VEHÍCULOS PARTICULARES LUCES DE NEÓN ALREDEDOR DE LAS PLACAS DE MATRÍCULA,5,1,1
19,V,-----,-----,POR INSTALAR O UTILIZAR EN VEHÍCULOS PARTICULARES ANUNCIOS PUBLICITARIOS NO AUTORIZADOS,5,1,1
22,I,-----,-----,"POR  NO CONDUCIR CON LICENCIA  TARJETÓN, PORTAR PLACAS DE MATRÍCULA O EL PERMISO PROVISIONAL VIGENTES, ASÍ COMO EL ENGOMADO DE LA CONCESIÓN.",80,1,1
22,II,-----,-----,SE SANCIONARA A LOS VEHÍCULOS DE TRANSPORTE PUBLICO POR NO CIRCULAR POR EL CARRIL DE LA EXTREMA DERECHA,10,1,1
22,IX,-----,-----, POR NO COMPARTIR DE MANERA RESPONSABLE CON LOS CICLISTAS LA CIRCULACIÓN EN CARRILES DE LA EXTREMA DERECHA Y NO REBASARLOS SIEMPRE OTORGANDO AL MENOS UN METRO DE SEPARACIÓN LATERAL ENTRE  LOS DOS VEHÍCULOS,10,1,1
22,VIII,-----,B,TRATÁNDOSE DE BICICLESTAS ADAPTADAS DEBERÁN CIRCULAR EN ZONAS O VIALIDADES AUTORIZADAS POR LA SECRETARÍA,40,1,1
22,VIII,-----,A,TRATÁNDOSE DE BICICLESTAS ADAPTADAS DEBERÁN PORTAR EL PERMISO EXPEDIDO POR LA AUTORIDAD CORRESPONDIENTE.,40,1,1
22,VII,-----,-----,SE SANCIONARA A LOS VEHÍCULOS DE TRANSPORTE PUBLICO POR HACER BASE O ESTACIONAR SU VEHÍCULO EN LUGAR NO AUTORIZADO O EN LUGARES QUE NO SEAN DE ENCIERRO O PERNOCTA CORRESPONDIENTE A HORARIOS QUE NO ESTE EN SERVICIO,80,1,1
22,VI,-----,-----,SE SANCIONARA A LOS VEHÍCULOS DE TRANSPORTE PUBLICO POR NO CIRCULAR CON LAS LUCES BLANCAS INTERIORES ENCENDIDAS CUANDO OBSCUREZCA,10,1,1
22,V,-----,-----,SE SANCIONARA A LOS VEHÍCULOS DE TRANSPORTE PUBLICO POR NO PERMITIR EL ASCENSO O DESCENSO DE PASAJEROS SÓLO CUANDO EL VEHÍCULO ESTÉ SIN MOVIMIENTO,10,1,1
22,IV,-----,-----,"SE SANCIONARA A LOS VEHÍCULOS DE TRANSPORTE PUBLICO POR NO REALIZAR MANIOBRAS DE ASCENSO O DESCENSO DE PASAJEROS, EN EL CARRIL DE LA EXTREMA DERECHA Y SÓLO EN LUGARES AUTORIZADOS",80,1,1
22,III,-----,-----,SE SANCIONARA A LOS VEHÍCULOS DE TRANSPORTE PUBLICO POR NO CIRCULAR CON LAS PUERTAS CERRADAS,10,1,1
23,-----,-----,A,"SE SANCIONARA A LOS VEHÍCULO DE TRANSPORTE PUBLICO POR CIRCULAR POR LOS CARRILES CENTRALES DE LA RED VIAL PRIMARIA Y DE ACCESO CONTROLADO,EXCEPTO QUE SE TRATEDEL SERVICIO EXPRESS AUTORIZADO POR LA SECRETARÍA",10,1,1
23,VI,-----,-----,SE SANCIONARA A LOS VEHÍCULOS DE TRANSPORTE PUBLICO POR INSTALAR O UTILIZAR FAROS DESLUMBRANTES QUE PONGAN EN RIESGO LA SEGURIDAD DE CONDUCTORES O PEATONES; ASÍ COMO LUCES DE NEÓN ALREDEDOR DE LAS PLACAS DE MATRÍCULA,10,1,1
23,V,-----,-----,SE SANCIONARA A LOS VEHÍCULOS DE TRANSPORTE PUBLICO POR INSTALAR O UTILIZAR TELEVISORES O PANTALLAS DE PROYECCIÓN DE CUALQUIER TIPO DE IMAGEN EN LA PARTE DELANTERA DEL VEHÍCULO,20,1,1
23,IV,-----,-----,SE SANCIONARA A LOS VEHÍCULOS DE TRANSPORTE PUBLICO POR LLEVAR OBJETOS QUE OBSTRUYAN LA VISIBILIDAD DEL CONDUCTOR O LO DISTRAIGAN,10,1,1
23,VII,-----,-----,SE SANCIONARA A LOS VEHÍCULOS DE TRANSPORTE PUBLICO POR CARGAR COMBUSTIBLE LLEVANDO PASAJEROS A BORDO,10,1,1
23,II,-----,-----,"SE SANCIONARA A LOS VEHÍCULOS DE TRANSPORTE PUBLICO POR REALIZAR MANIOBRAS DE ASCENSO O DESCENSO DE PASAJEROS, EN EL SEGUNDO O TERCER CARRIL DE CIRCULACIÓN, CONTADOS DE DERECHA A IZQUIERDA",80,1,1
23,I,-----,-----,"SE SANCIONARA A LOS VEHÍCULOS DE TRANSPORTE PÚBLICO POR REBASAR A OTRO VEHÍCULO EN EL CARRIL DE CONTRAFLUJO DE LOS EJES VIALES, SALVO QUE DICHO VEHÍCULO ESTÉ PARADO POR ALGUNA DESCOMPOSTURA. EN ESTE CASO EL CONDUCTOR REBASARA CON PRECAUCION, CON LAS LUICE",10,1,1
23,-----,-----,C,SE SANCIONARA A LOS VEHÍCULO DE TRANSPORTE PUBLICO POR CIRCULAR POR CIRCULARPOR EL SEGUNDO CARRIL DE LA VIA LATERAL SALVO QUE SE UTILICE PARA REBASAR,10,1,0
23,-----,-----,B,"SE SANCIONARA A LOS VEHÍCULO DE TRANSPORTE PUBLICO POR CIRCULAR POR VÍAS PRIMARIAS EN EL SEGUNDO CARRIL, A EXCEPCIÓN DE UTILIZARLO PARA REBASAR, SI NO HAY CIRCULACIÓN QUE LO IMPIDA",10,1,1
23,III,-----,-----,"SE SANCIONARA A LOS VEHÍCULOS DE TRANSPORTE PUBLICO POR LLEVAR VIDRIOS POLARIZADOS, OBSCURECIDOS O CON ADITAMENTOS U OBJETOS DISTINTOS A LAS CALCOMANÍAS REGLAMENTARIAS",10,1,1
24,I,-----,-----,LOS VEHÍCULOS DE TRANSPORTE DE CARGA NO PUEDEN CIRCULAR POR CARRILES CENTRALES DE LAS VÍAS DE ACCESO CONTROLADO,100,1,1
24,II,-----,E,LOS VEHÍCULOS DE TRANSPORTE DE CARGA NO PUEDEN CIRCULAR CUANDO LA CARGA NO VAYA DEBIDAMENTE SUJETA AL VEHÍCULO POR CABLES O LONAS,10,1,1
24,II,-----,D,"LOS VEHÍCULOS DE TRANSPORTE DE CARGA NO PUEDEN CIRCULAR CUANDO LA CARGA NO ESTÉ DEBIDAMENTE CUBIERTA, TRATÁNDOSE DE MATERIALES ESPARCIBLES",10,1,1
24,II,-----,C,"LOS VEHÍCULOS DE TRANSPORTE DE CARGA NO PUEDEN CIRCULAR CUANDO LA CARGA OBSTRUYA LA VISIBILIDAD DEL CONDUCTOR, SALVO CUANDO SE OBTENGA EL PERMISO CORRESPONDIENTE DE LA SECRETARÍA",10,1,1
24,II,-----,B,LOS VEHÍCULOS DE TRANSPORTE DE CARGA NO PUEDEN CIRCULAR CUANDO LA CARGA SOBRESALGA DE LA PARTE POSTERIOR POR MÁS DE UN METRO Y NO LLEVE REFLEJANTES DE COLOR ROJO O BANDEROLAS QUE INDIQUEN PELIGRO,10,1,1
24,II,-----,A,"LOS VEHÍCULOS DE TRANSPORTE DE CARGA NO PUEDEN CIRCULAR CUANDO LA CARGA SOBRESALGA DE LA PARTE DELANTERA O DE LOS COSTADOS, SALVO CUANDO SE OBTENGA EL PERMISO CORRESPONDIENTE DE LA SECRETARÍA",10,1,1
25,I,-----,-----,SE SANCIONARA A LOS VEHÍCULOS DE CARGA POR NO CIRCULAR POR EL CARRIL DE LA EXTREMA DERECHA Y USAR EL IZQUIERDO SÓLO PARA REBASAR O DAR VUELTA A LA IZQUIERDA,10,1,1
25,II,-----,-----,SE SANCIONARA A LOS VEHÍCULOS DE CARGA POR NO SUJETARSE A LOS HORARIOS Y A LAS VIALIDADES ESTABLECIDAS MEDIANTE AVISO DE LA SECRETARÍA,10,1,1
25,VIII,-----,-----,SE SANCIONARA A LOS VEHÍCULOS DE TRANSPORTE DE CARGA POR ABALIZAR CON ELEMENTOS REFLEJANTES EL PERÍMETRO DE LA CARGA CUANDO ÉSTA SOBRESALGA DE LAS DIMENSIONES DEL VEHICULO Y CUENTE CON LA AUTORIZACIÓN CORRESPONDIENTE.,40,1,1
25,VII,-----,-----,SE SANCIONARA A LOS VEHÍCULOS DE CARGA POR REALIZAR MANIOBRAS DE CARGA Y DESCARGA QUE AFECTEN O INTERRUMPAN EL TRÁNSITO VEHICULAR,80,1,1
25,VI,-----,-----,SE SANCIONARA A LOS VEHÍCULOS DE CARGA POR TIRAR OBJETOS O DERRAMAR SUSTANCIAS QUE OBSTRUYAN EL TRÁNSITO O PONGAN EN RIESGO LA INTEGRIDAD FÍSICA DE LAS PERSONAS,40,1,1
25,V,-----,-----,SE SANCIONARA A LOS VEHÍCULOS DE CARGA POR NO CONDUCIR CON LICENCIA VIGENTE,60,1,1
25,IV,-----,-----,SE SANCIONARA A LOS VEHÍCULOS DE CARGA POR NO CIRCULAR CON PLACAS DE MATRÍCULA O CON PERMISO PROVISIONAL VIGENTE,10,1,1
25,III,-----,-----,SE SANCIONARA A LOS VEHÍCULOS DE CARGA POR NO ESTACIONAR EL VEHÍCULO O CONTENEDOR EN EL LUGAR DE ENCIERRO CORRESPONDIENTE,500,1,1
26,II,-----,-----,SERÁN SANCIONADOS LOS CONDUCTORES DE VEHÍCULOS QUE TRANSPORTEN SUSTANCIAS TÓXICAS O PELIGROSAS POR NO ABSTENERSE DE REALIZAR PARADAS QUE NO ESTÉN SEÑALADAS EN LA OPERACIÓN DEL SERVICIO.,40,1,1
26,I,-----,-----,SERÁN SANCIONADOS LOS CONDUCTORES DE VEHÍCULOS QUE TRANSPORTEN SUSTANCIAS TÓXICAS O PELIGROSAS POR NO SUJETARSE ESTRICTAMENTE A LAS RUTAS Y LOS ITINERARIOS DE CARGA Y DESCARGA AUTORIZADOS POR LA SECRETARÍA Y POR SEGURIDAD PÚBLICA,40,1,1
27,I,-----,-----,SERÁN SANCIONADOS LOS CONDUCTORES DE VEHÍCULOS QUE TRANSPORTEN SUSTANCIAS TÓXICAS O PELIGROSAS POR LLEVAR A BORDO PERSONAS AJENAS A SU OPERACIÓN,10,1,1
27,II,-----,-----,"SERÁN SANCIONADOS LOS CONDUCTORES DE VEHÍCULOS QUE TRANSPORTEN SUSTANCIAS TÓXICAS O PELIGROSAS POR ARROJAR AL PISO O DESCARGAR EN LAS VIALIDADES, ASÍ COMO VENTEAR INNECESARIAMENTE CUALQUIER TIPO DE SUSTANCIAS TÓXICAS O PELIGROSAS",400,1,1
27,III,-----,-----,SERÁN SANCIONADOS LOS CONDUCTORES DE VEHÍCULOS QUE TRANSPORTEN SUSTANCIAS TÓXICAS O PELIGROSAS POR ESTACIONARSE EN LA VÍA PÚBLICA O EN LA PROXIMIDAD DE FUENTE DE TRANSPORTE,500,1,1
27,IV,-----,-----,SERÁN SANCIONADOS LOS CONDUCTORES DE VEHÍCULOS QUE TRANSPORTEN SUSTANCIAS TÓXICAS O PELIGROSAS POR REALIZAR MANIOBRAS DE CARGA Y DESCARGA EN LUGARES INSEGUROS Y NO DESTINADOS PARA TAL FIN,80,1,1
27,V,-----,-----,SERÁN SANCIONADOS LOS CONDUCTORES DE VEHÍCULOS QUE TRANSPORTEN SUSTANCIAS TÓXICAS O PELIGROSAS POR CIRCULAR POR CARRILES CENTRALES.,50,1,1
28,-----,-----,-----,"SERÁN SANCIONADOS LOS CONDUCTORES DE VEHÍCULOS QUE TRANSPORTEN SUSTANCIAS TÓXICAS O PELIGROSAS POR NO ASEGURARSE DE QUE LA CARGA ESTÉ DEBIDAMENTE PROTEGIDA Y SEÑALIZADA, A FIN DE EVITAR QUE PERSONAS AJENAS A LA TRANSPORTACIÓN MANIPULEN EL EQUIPO O LA CARG",10,1,1
29,I,-----,-----,POR NO RESPETAR LAS SEÑALES DE TRÁNSITO Y LAS INDICACIONES DE LOS AGENTES Y DEL PERSONAL DE APOYO VIAL,5,1,1
29,II,-----,-----,POR NO CIRCULAR EN EL SENTIDO DE LA VÍA,10,1,1
29,III,-----,-----,POR NO LLEVAR A BORDO SÓLO AL NÚMERO DE PERSONAS PARA EL QUE EXISTA ASIENTO DISPONIBLE,10,1,1
29,IV,-----,-----,"POR NO USAR CASCO DE MOTOCICLISTA O CICLISTA DEBIDAMENTE COLOCADO Y ABROCHADO , SEGÚN SEA EL CASO, QUE CUMPLA CON LAS NORMAS OFICIALES MEXICANAS; LOS ACOMPAÑANTES TAMBIÉN DEBERÁN PORTARLO.",5,1,1
29,IX,-----,-----,LOS MOTOCICLISTAS DEBERÁN CIRCULAR TODO EL TIEMPO CON LAS LUCES ENCENDIDAS,5,1,1
29,VI,-----,-----,POR NO REBASAR POR EL CARRIL IZQUIERDO,5,1,1
29,VII,-----,-----,POR NO USAR ADITAMENTOS O BANDAS REFLEJANTES PARA USO NOCTURNO,0,1,1
29,VIII,-----,-----,POR NO CIRCULAR PREFERENTEMENTE POR LAS VÍAS DESTINADASPARA ELLO,0,1,1
29,V,-----,-----,POR NO UTILIZAR UN SÓLO CARRIL DE CIRCULACIÓN,5,1,1
30,I,-----,-----,"POR CIRCULAR POR LOS CARRILES CENTRALES O INTERIORES DE LAS VÍAS DE ACCESO CONTROLADO Y DONDE ASÍ LO INDIQUE EL SEÑALAMIENTO, SALVO CUANDO MEDIANTE AVISO PUBLICADO EN LA GACETA OFICIAL, LA SECRETARÍA Y SEGURIDAD PUBLICA DETERMINEN LAS CONDICIONES, LOS HOR",20,1,1
30,II,-----,-----,POR CIRCULAR ENTRE CARRILES SALVO CUANDO EL CICLISTA SE ENCUENTRE CON TRÁNSITO DETENIDO Y BUSQUE COLOCARSE EN LUGAR VICIBLE PARA REINICIAR LA MARCHA,10,1,1
30,III,-----,-----,POR CIRCULAR POR LOS CARRILES EXCLUSIVOS PARA EL TRANSPORTE PÚBLICO DE PASAJEROS,20,1,1
30,IV,-----,-----,POR CIRCULAR SOBRE LAS BANQUETAS Y ÁREAS RESERVADAS AL USO EXCLUSIVO DE PEATONES,10,1,1
30,V,-----,-----,POR TRANSPORTAR A UN PASAJERO EN LUGAR INTERMEDIO ENTRE LA PERSONA QUE CONDUCE Y EL MANUBRIO,5,1,1
30,VI,-----,-----,"POR TRANSPORTAR CARGA QUE IMPIDA MANTENER AMBAS MANOS SOBRE EL MANUBRIO, Y UN DEBIDO CONTROL DEL VEHÍCULO O SU NECESARIA ESTABILIDAD",10,1,1
30,IX,-----,-----,"EN EL CASO DE MOTOCICLETAS, POR REBASAR LOS LÍMITES DE VELOCIDAD PREVISTOS EN EL ARTICULO QUINTO",10,1,1
30,VII,-----,-----,POR ASIRSE O SUJETARSE A OTROS VEHÍCULOS EN MOVIMIENTO,10,1,1
30,VIII,-----,-----,LOS MOTOCICLISTAS NO DEBERÁN TRANSPORTAR PASAJEROS MENORES DE 12 AÑOS DE EDAD,10,1,1
31,-----,-----,-----,"NINGUNA PERSONA PUEDE CONDUCIR VEHÍCULOS POR LA VÍA PÚBLICA, SI TIENE UNA CANTIDAD DE ALCOHOL EN LA SANGRE SUPERIOR A 0.8 GRAMOS POR LITRO O DE ALCOHOL EN AIRE EXPIRADO SUPERIOR A 0.4 MILIGRAMOS POR LITRO O BAJO EL INFLUJO DE NARCÓTICOS.",0,1,6
32,-----,-----,-----,"LOS CONDUCTORES DE VEHÍCULOS A QUIENES SE LES ENCUENTRE COMENTIENDO ACTOS QUE VIOLEN LAS DISPOSICIONES DEL PRESENTE REGLAMENTO Y/O MUESTREN SINTOMAS DE QUE CONDUCEN EN ESTADO DE EBRIEDAD O BAJO EL INFLUO DE NARCOTICOS, ESTAN OBLIGADOS A SOMETERSE A LAS PR",0,1,6
44,-----,-----,-----,"SE ESPECIFICA QUE LAS PERSONAS CUYA LICENCIA HAYA SIDO CANCELADA, Y CONDUZCAN ALGUN VEHICULO, SERAN SANCIONADAS CON UNA MULTA DE 180 DIAS.",90,1,1
5,I,-----,-----,POR NO CIRCULAR CON LICENCIA O PERMISO VIGENTE,10,1,1
5,II,-----,-----,POR NO PORTAR LA TARJETA DE CIRCULACIÓN ORIGINAL DEL VEHÍCULO,10,1,1
5,III,-----,-----,POR NO OBEDECER LOS SEÑALAMIENTOS DE TRÁNSITO Y LAS INDICACIONES DE LOS AGENTES O PERSONAL DE APOYO VIAL,5,1,3
5,IV,-----,-----,"POR NO CIRCULAR EN EL SENTIDO QUE INDIQUE LA VIALIDAD, TRATANDOSE DE VIALIDADES REVERSIBLES, NO RESPETAR LOS TRAMOS Y HORARIOS QUE DETERMINE.",5,1,1
5,V,-----,A,"POR NO RESPETAR LOS LÍMITES DE VELOCIDAD ESTABLECIDOS EN VÍAS PRIMARIAS, EN CASO DE NO HABER SEÑALAMIENTO   LA VELOCIDAD MÁXIMA SERÁ DE 70 KILÓMETROS POR HORA",5,1,6
5,V,-----,B,"POR NO RESPETAR LOS LÍMITES DE VELOCIDAD ESTABLECIDOS EN VÍAS SECUNDARIAS, LA VELOCIDAD MÁXIMA SERÁ DE 40 KILÓMETROS POR HORA",5,1,6
5,V,-----,C,"POR NO RESPETAR LOS LÍMITES DE VELOCIDAD ESTABLECIDOS, EN ZONAS ESCOLARES, PEATONALES, DE HOSPITALES, DE ASILOS, DE ALBERGUES Y CASAS HOGAR, LA VELOCIDAD MÁXIMA SERÁ DE 20 KILÓMETROS POR HORA",10,1,6
5,V,-----,D,"POR NO RESPETAR LOS LÍMITES DE VELOCIDAD ESTABLECIDOS EN ZONAS DE TRÁNSITO CALMADO, LA VELOCIDAD  DE 30 KILÓMETROS POR HORA",5,1,6
5,V,-----,E,"POR NO RESPETAR LOS LÍMITES DE VELOCIDAD ESTABLECIDOS EN VÍAS PEATONALES, EN LAS CUALES SE PERMITA CIRCULAR, LA VELOCIDAD MÁXIMA DE 10 KILÓMETROS POR HORA",10,1,6
5,VI,-----,-----,"POR NO AJUSTARSE EL CINTURÓN DE SEGURIDAD Y ASEGURARSE QUE LOS DEMÁS PASAJEROS TAMBIÉN SE LO AJUSTEN, CUANDO SE TRATE DE MENORES DE 12 AÑOS O PERSONAS CON DISCAPACIDAD, DEBERÁN SER TRANSPORTADOS UTILIZANDO LOS SISTEMAS DE RETENCIÓN PERTINENTES.",5,1,1
5,VII,-----,-----,"TRATANDOSE DE VEHÍCULOS CON PLACAS DE MATRÍCULA EXTRANJERA, POR NO PORTAR LOS DOCUMENTOS OFICIALES EN LOS QUE SE DESCRIBAN LAS CARACTERÍSTICAS DEL VEHÍCULO Y SE ACREDITE LA LEGAL ESTANCIA EN EL  PAÍS.",10,1,1
5,VIII,-----,-----,"POR NO REBASAR SÓLO POR EL LADO IZQUIERDO; EN CASO DE REBASAR A CICLISTAS, POR NO OTORGAR AL MENOS LA DISTANCIA DE 1 METRO DE SEPARACIÓN  LATERAL ENTRE LOS DOS VEHICULOS",5,1,6
5,IX,-----,-----,"POR NO INDICAR LA DIRECCIÓN DE SU GIRO O CAMBIO DE CARRIL, MEDIANTE LUCES DIRECIONALES",5,1,6
6,I,-----,-----,"POR CIRCULAR SOBRE BANQUETAS, CAMELLONES, ANDADORES, CICLOVÍAS  Y  VÍAS PEATONALES.",5,1,6
6,II,-----,-----,POR CIRCULAR EN CARRILES DE CONTRAFLUJO Y CARRILES CONFINADOS,40,1,6
6,III,-----,-----,"POR DETENER SU VEHÍCULO INVADIENDO LOS PASOS PEATONALES MARCADOS CON RAYAS PARA CRUCES DE LAS VÍAS PÚBLICAS, ASÍ COMO LAS INTERSECCIONES CON LAS VÍAS",5,1,1
6,IV,-----,-----,"POR CIRCULAR EN REVERSA MÁS DE 50 METROS, SALVO QUE NO SEA POSIBLE CIRCULAR HACIA DELANTE",5,1,1
6,V,-----,-----,POR DAR VUELTA EN U CERCA DE UNA CURVA O EN DONDE LA SEÑALIZACIÓN EXPRESAMENTE LO PROHÍBA,20,1,1
6,VI,-----,-----,POR CIRCULAR EN CARRILES EXCLUSIVOS PARA EL TRANSPORTE PÚBLICO DE PASAJEROS,40,1,6
6,VII,-----,-----,POR REALIZAR MANIOBRAS DE ASCENSO O DESCENSO DE PERSONAS EN CARRILES CENTRALES DE LAS VÍAS,10,1,1
6,VIII,-----,-----,POR TRANSPORTAR MAYOR NÚMERO DE PERSONAS QUE EL SEÑALADO EN LA TARJETA DE CIRCULACIÓN,5,1,1
6,IX,-----,-----,POR TRANSPORTAR MENORES DE 12 AÑOS EN LOS ASIENTOS DELANTEROS,10,1,3
6,X,-----,-----,"POR TRANSPORTAR PERSONAS EN LA PARTE EXTERIOR DE LA CARROCERÍA, SE EXCEPTÚA EL TRANSPORTE DE CARGADORES O ESTIBADORES CUANDO LA FINALIDAD DEL TRANSPORTE REQUIERA DE ELLOS Y EN NÚMERO Y EN CONDICIONES TALES QUE GARANTICEN LA INTEGRIDAD FÍSICA DE LOS MISMOS",10,1,1
6,XI,-----,-----,SUJETAR APARATOS DE TELECOMUNICACIÓN U OTROS OBJETOS QUE REPRESENTEN UN DISTRATOR PARA LA CONDUCCIÓN SEGURA DEL VEHÍCULO.,5,1,1
6,XII,-----,-----,"POR ENTORPECER LA MARCHA DE COLUMNAS MILITARES, ESCOLARES, DESFILES CÍVICOS Y SIMILARES",5,1,1
6,XIII,-----,-----,POR UTILIZAR O INSTALAR SISTEMAS ANTIRRADARES O DETECTOR DE RADARES DE VELOCIDAD,10,1,1
6,XIV,-----,-----,"POR OFENDER, INSULTAR O DENIGRAR A LOS AGENTES O PERSONAL DE APOYO VIAL EN EL DESEMPEÑO DE SUS LABORES",20,1,1
6,XV,-----,-----,"DAR VUELTA A LA IZQUIERDA, DERECHA O EN ¿U¿ CUANDO SE INTERFIERA LOS CORREDORES DEL ¿METROBÚS¿  SALVO QUE EXISTA SEÑALAMIENTO QUE LO PERMITA",40,1,6
6,XVI,-----,-----,POR TRANSITAR EN CICLOVÍAS Y CICLOCARRILES,40,1,6
6,XVII,-----,-----,POR DETENER SU VEHÍCULO MOTORIZADO SOBRE UN ÁREA DE ESPERA CICLISTA,20,1,1
7,-----,-----,-----,"POR NO ACATAR LOS PROGRAMAS AMBIENTALES Y POR CIRCULAR EN VEHÍCULOS QUE TENGAN RESTRICCIONES, LOS DÍAS Y HORAS CORRESPONDIENTES.",20,1,1
8,I,-----,-----,"EN LOS CRUCEROS REGULADOS POR UN AGENTE O POR PROMOTORES VOLUNTARIOS DE SEGURIDAD VIAL, POR NO DETERNER SU VEHÍCULO O A AVANZAR CUANDO ASÍ LO ORDENE ÉSTE.",10,1,1
8,II,-----,-----,"EN LOS CRUCEROS REGULADOS MEDIANTE SEMÁFOROS, DEBE DETEN ER SU VEHÍCULO EN LA LÍNEA DE ALTO, SIN INVADIR LA ZONA PARA EL CRUCE DE LOS PEATONES CUANDO LA LUZ DEL SEMÁFORMO O EL ÁREA DE ESPERACICLISTA ESTÉ EN COLOR ROJO.",10,1,1
8,III,-----,-----,"POR NO RESPETAR CUANDO LA VÍA EN QUE CIRCULE CAREZCA DE SEÑALIZACIÓN QUE REGULE LA PREFERENCIA DE PASO, O LOS SEMÁFOROS SE ENCUENTREN CON LUCES INTERMITENTES, ESTARÁ OBLIGADO A CEDERLO A LOS VEHÍCULOS QUE SE APROXIMEN POR SU DERECHA, SALVO CUANDO LA VÍA E",10,1,1
8,IV,-----,-----,"POR NO RESPETAR CUANDO LOS SEMÁFOROS SE ENCUENTREN CON LUCES INTERMITENTES, SE CRUZARÁ CON PRECAUCIÓN DISMINUYENDO LA VELOCIDAD. TIENE PREFERENCIA DE PASO EL CONDUCTOR QUE TRANSITE POR LA VÍA CUYO SEMÁFORO ESTÉ DESTELLANDO EN COLOR ÁMBAR, SOBRE EL CONDUCT",10,1,1
8,V,-----,-----,EL QUE CIRCULE POR UNA VÍA PRIMARIA TIENE PREFERENCIA DE PASO SOBRE EL QUE PRETENDA ACCEDER A ELLA,10,1,1
8,VI,-----,-----,"CUANDO EXISTA LA SEÑALIZACIÓN DE CÍRCULO ROJO O EN LOS CRUCEROS NO HAYA POSIBILIDAD DE QUE LOS VEHÍCULOS AVANCEN HASTA CRUZAR LA VÍA EN SU TOTALIDAD, EVITARÁ CONTINUAR LA MARCHA Y OBSTRUIR LA CIRCULACIÓN DE LAS CALLES TRANSVERSALES",10,1,1
8,VII,-----,-----,"LA VUELTA A LA DERECHA SERÁ CONTINUA Y SE DARÁ CON PRECAUCIÓN, AÚN CUANDO EL SEMÁFORO SE ENCUENTRE EN ROJO. SÓLO SERÁ CONTINUA A LA IZQUIERDA CUANDO LA VÍA POR LA QUE CIRCULE EL VEHÍCULO SEA DE UN SÓLO SENTIDO",10,1,1
8,VIII,-----,-----,"EN LAS GLORIETAS, EL QUE SE HALLE DENTRO DE LA VÍA CIRCULAR TIENE PREFERENCIA DE PASO SOBRE EL QUE PRETENDA ACCEDER A ELLAS",10,1,1
8,IX,-----,-----,"ENTRE LAS 23:00 HRS. Y LAS 5:00 HRS. DEL DÍA SIGUIENTE, DEBE DETENER TOTALMENTE EL VEHÍCULO FRENTE A LA INDICACIÓN DE ALTO DE UN SEMÁFORO Y, UNA VEZ QUE SE CERCIORE DE QUE NINGÚN VEHÍCULO O PEATÓN SE DISPONE A ATRAVESAR UN CRUCERO, PODRÁ CONTINUAR LA MARC",10,1,1
8,X,-----,-----,"POR NO CEDER EL PASO AH EL FERROCARRIL, METROBÚS Y TREN LIGERO YA QUE ESTOS TIENEN PREFERENCIA DE PASO",10,1,1
8,XI,-----,-----,POR NO CEDER EL PASO A LOS VEHÍCULOS DE EMERGENCIA CUANDO CIRCULEN CON LAS SEÑALES DE SONIDO O LUMINOSAS FUNCIONANDO.,10,1,1
8,XII,-----,-----,"CUANDO EN EL CRUCE DE DOS VÍAS SECUNDARIAS SIN SEMÁFORO, CON UN SOLO CARRIL EFECTIVO DE CIRCULACIÓN, SE ENCUENTRE UN VEHICULO EN CADA UNA DE LAS VÍAS, DEBE REALIZAR ALTO TOTAL Y CRUZAR CON PRECAUCIÓN, DEBIENDO CEDER EL PASO AL VEHICULO QUE SE APROXIME POR",10,1,1
9,I,-----,-----,"POR NO RESPETAR EL DERECHO DE PREFERENCIA, SOBRE EL TRANSITO VEHÍCULAR, DE LOS PEATONES CUANDO LA SEÑAL DEL SEMÁFORO ASÍ  LO INDIQUE.",10,1,1
9,II,-----,-----,"POR NO RESPETAR EL DERECHO DE PREFERENCIA, SOBRE EL TRANSITO VEHÍCULAR, DE LOS PEATONES CUANDO HABIÉNDOLES CORRESPONDIDO EL PASO DE ACUERDO CON EL CICLO DEL SEMÁFORO NO ALCANCEN A CRUZAR LA VÍA.",10,1,1
9,III,-----,----,"POR NO RESPETAR EL DERECHO DE PREFERENCIA, SOBRE EL TRANSITO VEHÍCULAR, DE LOS PEATONES CUANDO LOS VEHÍCULOS VAYAN A DAR VUELTA PARA ENTRAR A OTRA VÍA.",10,1,1
9,IV,-----,-----,"POR NO RESPETAR EL DERECHO DE PREFERENCIA, SOBRE EL TRANSITO VEHÍCULAR, DE LOS PEATONES CUANDO ESTOS TRANSITEN EN EL ACOTAMIENTO POR EL QUE CIRCULAN LOS VEHÍCULOS AUNQUE DICHOS PEATONES NO DISPONGAN DE ZONA PEATONAL.",10,1,1
9,V,-----,-----,"POR NO RESPETAR EL DERECHO DE PREFERENCIA, SOBRE EL TRANSITO VEHÍCULAR, DE LOS PEATONES CUANDO  TRANSITEN POR LA BANQUETA Y ALGÚN CONDUCTOR  DEBA CRUZARLA  PARA ENTRAR O SALIR DE UNA COCHERA O ESTACIONAMIENTO.",10,1,1
9,VI,-----,-----,"POR NO RESPETAR EL DERECHO DE PREFERENCIA, SOBRE EL TRANSITO VEHÍCULAR, DE LOS PEATONES CUANDO  TRANSITEN EN COMITIVAS ORGANIZADAS O FILAS ESCOLARES.",10,1,1
9,VII,-----,-----,"POR NO RESPETAR EL DERECHO DE PREFERENCIA, SOBRE EL TRANSITO VEHÍCULAR, DE LOS PEATONES QUE TRANSITAN POR LOS ESPACIOS HABILITADOS PARA ELLO CUANDO LA ACERA SE ECUNTRE AFECTADAPOR LA EJECUCIÓN DE UN TRABAJO O EVENTO QUE MODIFIQUE DE FORMA TRANSITORIA LAS ",10,1,1